local_goals_x,local_goals_y
-0.3526327765265053,-3.195799778343673e-11
-0.4551514763986826,-0.0202427536456909
-0.5524174935100844,-0.0394483426953411
-0.649683510621013,-0.0586539317473926
-0.7460489164619291,-0.0776816912735528
-0.8433149335719147,-0.0968872803303853
-0.9441833957595444,-0.11680418750297
-1.041449412868561,-0.1360097765646924
-1.1387154299771032,-0.1552153656288146
-1.2395838921632387,-0.1751322728089578
-1.3340739074956782,-0.1937897285120992
